Fold,Balanced Accuracy,Accuracy,Sensitivity,Specificity,F1 Score,ROC AUC,Training Time
1,0.9867689636666762,0.9907081868407835,0.978894472361809,0.9946434549715434,0.981360201511335,0.9975929194011571,17227.48181800125
2,0.990453943638514,0.9927172275238574,0.985929648241206,0.9949782390358219,0.9854344550477148,0.9989529165748394,18243.252331973054
3,0.993639998708834,0.9949773982923155,0.9909638554216867,0.9963161419959813,0.9899699097291875,0.999404853170216,15512.816330010537
4,0.9914641822480814,0.9932194876946259,0.9879518072289156,0.9949765572672472,0.9864661654135338,0.9989576524450111,15323.236723954324
5,0.9939745586498707,0.9949773982923155,0.9919678714859438,0.9959812458137978,0.9899799599198397,0.9994636953709009,18729.598747042473
6,0.9906282867572097,0.9939728779507785,0.9839357429718876,0.9973208305425318,0.9879032258064516,0.998515999698728,16324.177316040732
7,0.9936352896431252,0.9954785229841748,0.9899497487437185,0.9973208305425318,0.9909456740442656,0.9985809826089591,18245.874929009005
8,0.9934678415520335,0.995227329816629,0.9899497487437185,0.9969859343603483,0.9904474610356964,0.9986957560744109,13528.035447990987
9,0.9879408765192338,0.990454659633258,0.9829145728643216,0.992967180174146,0.9809428284854563,0.9972242323472689,17263.999004964717
10,0.9929653289892194,0.9949761366490831,0.9889447236180905,0.9969859343603483,0.9899396378269618,0.9988640456131966,15979.234553000424
